player,position,observations,blockwins,winrate
Daryl Williams,T,134,115,0.8582089552238806
Dennis Daley,T,112,77,0.6875
Greg Van Roten,G,120,91,0.7583333333333333
Matt Paradis,C,179,148,0.8268156424581006
Taylor Moton,T,181,146,0.8066298342541437
Trai Turner,G,143,103,0.7202797202797203
