player,position,observations,blockwins,winrate
Bobby Massie,T,101,77,0.7623762376237624
Charles Leno Jr.,T,170,129,0.7588235294117647
Cody Whitehair,C,170,154,0.9058823529411765
Cornelius Lucas,T,73,60,0.821917808219178
James Daniels,C,170,149,0.8764705882352941
Rashaad Coward,OT,108,95,0.8796296296296297
