player,position,observations,blockwins,winrate
A.J. Cann,G,134,115,0.8582089552238806
Andrew Norwell,G,185,152,0.8216216216216217
Brandon Linder,C,185,171,0.9243243243243243
Cam Robinson,T,146,120,0.821917808219178
Jawaan Taylor,T,185,159,0.8594594594594595
Will Richardson,T,74,57,0.7702702702702703
