player,position,observations,blockwins,winrate
Andrew Whitworth,T,178,141,0.7921348314606742
Austin Blythe,C,162,139,0.8580246913580247
Austin Corbett,T,89,72,0.8089887640449438
Bobby Evans,T,79,60,0.759493670886076
Brian Allen,C,91,75,0.8241758241758241
David Edwards,T,115,96,0.8347826086956521
Joe Noteboom,T,57,44,0.7719298245614035
Rob Havenstein,T,99,74,0.7474747474747475
