player,position,observations,blockwins,winrate
Jon Halapio,C,168,128,0.7619047619047619
Kevin Zeitler,G,170,137,0.8058823529411765
Mike Remmers,T,148,113,0.7635135135135135
Nate Solder,T,173,136,0.7861271676300579
Will Hernandez,G,181,142,0.7845303867403315
