player,position,observations,blockwins,winrate
Denzelle Good,OT,55,49,0.8909090909090909
Gabe Jackson,G,102,89,0.8725490196078431
Kolton Miller,T,156,122,0.782051282051282
Richie Incognito,G,113,103,0.911504424778761
Rodney Hudson,C,156,143,0.9166666666666666
Trent Brown,T,95,78,0.8210526315789474
