player,position,observations,blockwins,winrate
D.J. Fluker,OG,148,120,0.8108108108108109
Duane Brown,T,135,107,0.7925925925925926
George Fant,OT,52,39,0.75
Germain Ifedi,G,183,155,0.8469945355191257
Joey Hunt,C,105,87,0.8285714285714286
Justin Britt,C,79,66,0.8354430379746836
Mike Iupati,OG,163,133,0.8159509202453987
